index,date,title,publication
1,NA,Virtual Machine Market Size Worth $25.9 Billion By 2030: IndustryARC,NA
2,NA,DIGITAL AGRICULTURE MISSION: TECH FOR TRANSFORMING FARMERS' LIVES,NA
3,NA,Bernardino Abad Grupo Logístico becomes the primary reference for the,NA
4,NA,Major Drilling Announces First Quarter 2025 Results,NA
5,NA,PR NO. 27,NA
6,NA,Drone Systems & Applications Issues Research Articles in January 2024 Edition,NA
7,NA,Editorial Roundup: United States,NA
8,NA,Editorial Roundup: United States,NA
9,NA,PACIFIC ANGEL 24-1 SUCCESSFULLY COMPLETED,NA
10,NA,A SUSTAINABLE FUTURE WITHIN REACH: THE PROMISE OF DIGITAL TRANSFORMATION,NA
11,NA,EISGRUBER URGES NEW STUDENTS TO EMBRACE THE 'TRANSCENDENT EDUCATION',NA
12,NA,USPTO ISSUES TRADEMARK: C C,NA
13,NA,USPTO ISSUES TRADEMARK: AUGMENTED AMBIENT ASSISTANT,NA
14,NA,ACEP24: World's Largest Emergency Medicine Conference Heads to Las Vegas,NA
15,NA,NAVIGATING DIR COOPERATIVE CONTRACTS,NA
16,NA,ACEP24: WORLD'S LARGEST EMERGENCY MEDICINE CONFERENCE HEADS TO LAS,NA
17,NA,"AROUND THE AIR FORCE: 'ONE AIR FORCE' INITIATIVE, EMERGENCY RESPONSE TASK",NA
18,NA,"House Appropriations Committee Issues Report on State, Foreign Operations &",NA
19,NA,"House Appropriations Committee Issues Report on State, Foreign Operations &",NA
20,NA,USPTO ISSUES TRADEMARK: CARE.AI SMART,NA
21,NA,USPTO ISSUES TRADEMARK: SPACES THAT CARE,NA
22,NA,USPTO ISSUES TRADEMARK: METAVERSE GOD,NA
23,NA,WHEN THE REGULATORY CURE IS WORSE THAN THE MARKET DISEASE,NA
24,NA,Cloud Backup and Recovery Software Market Size Worth $12.92 billion By 2030:,NA
25,NA,NetApp Optimizes VMware Environments with New Capabilities NetApp and Broadcom,NA
26,NA,SuccessKPI Supports Mental Health Initiatives with Vibrant Emotional Health,NA
27,NA,Intermap Announces Strategic Partnership with Aon Global impact forecasting,NA
28,NA,Maximus Awarded OPM Contract for New Postal Service Health Benefits Program,NA
29,NA,Netsurit Secures Debt Financing from Sunflower Bank,NA
30,NA,Nasuni Achieves 121% Increase in Data Under Management in Media and Advertising,NA
31,NA,Wren to Put Squeeze on OMC's Ad Agencies,NA
32,NA,3D Sensors Market Size Worth $14 Billion By 2030: IndustryARC,NA
33,NA,OMRON Electronic Components to Showcase Cutting-Edge Clean Energy Solutions at,NA
34,NA,Rice engineers develop AI system for real-time sensing of flooded roads,NA
35,NA,Future-Ready Buildings: BubblyNet Cuts Carbon Emissions with Bluetooth® Mesh,NA
36,NA,BDx Indonesia and NeutraDC Unveil Phase I of Interconnected Data Center,NA
37,NA,"House Appropriations Committee Issues Report on Legislative Appropriations Bill,",NA
38,NA,"New to The Street Announces its Five Corporate Interviews, Airing Episode 591 on the",NA
39,NA,Over 100 Experts From Home and Abroad Discuss Smart City Development at UM,NA
40,NA,UM SKL-IOTSC Holds Academic Committee Meeting,NA
41,NA,CEC Research Optimizes Autonomous Drone Swarms With AI for Potential Disaster,NA
42,NA,"Census Bureau Issues Tip Sheet No. 17 - Aug. 23, 2024",NA
43,NA,Johns Hopkins Applied Physics Lab: From Tool to Teammate - Opening the Aperture,NA
44,NA,MAKATI AND INCHEON CITY-TO-CITY LEARNING ON CLIMATE RESILIENCE AND,NA
45,NA,Airport Infrastructure Market Size Worth $91.3 Billion By 2030: IndustryARC,NA
46,NA,Backup and Disaster Recovery Market Size Worth $22 Billion By 2030: IndustryARC,NA
47,NA,Livingston is First Michigan County to Implement Eagle Eye 911 Emergency Security,NA
48,NA,"Google agrees to first-in-the-nation deal to fund California newsrooms, but journalists",NA
49,NA,Tintri to Unveil New Disaster Recovery Feature for Lightning-Fast System Restoration,NA
50,NA,SAS Hackathon helps develop AI skills and solve big challenges,NA
51,NA,Assured Data Protection Launches Latin America Operations Offering Rubrik,NA
52,NA,"Intelligence Surveillance Reconnaissance Market Outlook: Applications, Top",NA
53,NA,Let's throw cold water on the Musk working for Trump thing,NA
54,NA,NATIONAL MEETING NEWS NAIC PRESIDENT ANDREW N. MAIS: NO GENERATION CAN,NA
55,NA,THE STATE OF THE SUPERCOMPUTERS,NA
56,NA,Veeam Ranked #1 in the 2024 Gartner ® Market Share Analysis for Enterprise,NA
57,NA,MongoDB Announces New Capabilities with Google Cloud to Provide Greater,NA
58,NA,Iron Mountain Leverages MongoDB to Provide Customers with Customizable Digital,NA
59,NA,Reborn Coffee Provides Second Quarter 2024 Corporate Update and Financial Results,NA
60,NA,JOINT STATEMENT ON INDIA MALAYSIA COMPREHENSIVE STRATEGIC PARTNERSHIP,NA
61,NA,Network International Slashes Fraud Rates in MEA With Cloud-Hosted FICO Solution,NA
62,NA,"Virginia Tech research team uses AI, satellite imagery to detail Debby's damage",NA
63,NA,"VIRGINIA TECH RESEARCH TEAM USES AI, SATELLITE IMAGERY TO DETAIL DEBBY'S",NA
64,NA,"VIRGINIA TECH RESEARCH TEAM USES AI, SATELLITE IMAGERY TO DETAIL DEBBY'S",NA
65,NA,VIVOTEK Helps Delta Electronics Japan Enhance Operational Efficiency with VORTEX,NA
66,NA,Key Cloud Computing Trends to Look Out For in 2023,NA
67,NA,Intermap Wins Phase Two of Prime Contract with the U.S. Air Force,NA
68,NA,Top Benefits of Migrating Your Business to Oracle Cloud,NA
69,NA,Network International Slashes Fraud Rates in MEA with Cloud-Hosted FICO Solution,NA
70,NA,SPONSORED AND CO-SPONSORED LEGISLATION,NA
71,NA,"New to The Street Announces Episode 590, Five Corporate Interviews, Airing on the",NA
72,NA,"UAE 's First SAR Satellite Enters Space as Bayanat AI, Al Yah Satellite Boost Earth",NA
73,NA,USPTO ISSUES TRADEMARK:,NA
74,NA,USPTO ISSUES TRADEMARK:,NA
75,NA,WANG YI TALKS ABOUT THE DEVELOPMENT OF LANCANG-MEKONG COOPERATION IN,NA
76,NA,Mount Sinai to Serve as Official Hospital and Medical Services Provider of the US Open,NA
77,NA,"THIS WEEK IN CLIMATE ACTION: AUGUST 16, 2024",NA
78,NA,"This Week in Climate Action: August 16, 2024",NA
79,NA,Senate Budget Committee Issues Testimony From Princeton University Assistant,NA
80,NA,USPTO ISSUES TRADEMARK: FLOODBASE,NA
81,NA,Congressional Research Service Issues In Focus White Paper on Quantum Technology,NA
82,NA,U.S. Patents Awarded to Inventors in Illinois (Aug. 15),NA
83,NA,Virtual Machine Market Size Worth $25.9 Billion By 2030: IndustryARC,NA
84,NA,"CHANGING THE MAP: NEW AI TECHNOLOGY, GEOSPATIAL MAPPING CERTIFICATES",NA
85,NA,"Latin America Embraces Satellite Data and Artificial Intelligence for Law Enforcement,",NA
86,NA,USPTO ISSUES TRADEMARK: EOLIANN,NA
87,NA,GSA Announces New Cohort of U.S. Digital Corps Fellows,NA
88,NA,Intermap Announces 125% Revenue Growth in the Second Quarter,NA
89,NA,Cloud Relational Database Market Size Worth $41.3 Billion By 2030: IndustryARC,NA
90,NA,RackNerd LLC Announced as One of Inc. 5000's Fastest-Growing Private Companies in,NA
91,NA,Urban Future Lab Announces Finalists for 2024 Urban Future Prize Competition,NA
92,NA,WE THE DEAD: PRESERVING DATA AT THE END OF THE WORLD: AN INTERVIEW WITH,NA
93,NA,Keepit Platform Named Winner at the 2024 SaaS Awards,NA
94,NA,TierPoint Acquires Downtown St. Louis Building for Newest Data Center,NA
95,NA,TierPoint Acquires Downtown St. Louis Building for Newest Data Center In Missouri,NA
96,NA,"Decision Support System (DSS) Software Market worth USD 54.78 Billion, growing at a",NA
97,NA,Amwins and Floodbase Unveil First-of-its-Kind Flood Insurance for U.S. Golf Courses,NA
98,NA,US Signal Strengthens Michigan Presence with Strategic Acquisition of Detroit North,NA
99,NA,Sidus Space Secures Contract with Xiomas Technologies to Supply FeatherEdge,NA
100,NA,Conti Federal Ranks No. 1850 on the 2024 Inc. 5000 With Three-Year Revenue,NA
101,NA,The Latest: Trump interview with Elon Musk on X plagued by glitches,NA
102,NA,The Latest: Trump interview with Elon Musk on X plagued by glitches,NA
103,NA,The Latest: Trump interview with Elon Musk on X plagued by glitches,NA
104,NA,AFIMSC ESTABLISHES EMERGENCY RESPONSE TASK FORCE TO SUPPORT BASES,NA
105,NA,Trump and Musk host friendly conversation on X after delay from technical,NA
106,NA,"GOVERNMENT OF INDIA HAS DECLARED AUGUST 23RD AS ""NATIONAL SPACE DAY""",NA
107,NA,"Paltalk, Inc. Enters Into an Agreement to Acquire Newtek Technology Solutions, Inc.",NA
108,NA,ICRC PRESIDENT MIRJANA SPOLJARIC: A HUMAN LIFE IS A HUMAN LIFE,NA
109,NA,"SPEECH GIVEN BY MIRJANA SPOLJARIC, PRESIDENT OF THE ICRC",NA
110,NA,TeraWulf Reports Second Quarter 2024 Financial Results,NA
111,NA,"Census Bureau Issues Tip Sheet No. 16 - Aug. 9, 2024",NA
112,NA,Rand Issues Commentary: Building Flood Resilience - A Grand Challenge for U.S.,NA
113,NA,Intermap Closes Final Tranche of Private Placement Proceeds will be used to execute,NA
114,NA,"TIP SHEET NUMBER 16 AUGUST 9, 2024",NA
115,NA,"FLAGSHIP DESTINATIONS WEAVE A ""SUSTAINABILITY SAFETY NET",NA
116,NA,HYCU® Named a Visionary in the 2024 Gartner ® Magic Quadrant™ for Enterprise,NA
117,NA,"House Appropriations Committee Issues Report on Departments of Transportation,",NA
118,NA,TruBridge Announces Second Quarter 2024 Results,NA
119,NA,Keynote Address by Deputy Secretary of Defense Hicks: 'Structuring Change to Last',NA
120,NA,"Nfina Technologies Releases the 4508T-AI, a High-Precision AI Computing",NA
121,NA,Essential Guide to Cloud Computing for Municipalities Offers Strategies for Success,NA
122,NA,FalconStor Software Announces Second Quarter of 2024 Results Continued Hybrid,NA
123,NA,Intermap Expands Offering Due to Demand The Company intends to close the third,NA
124,NA,Joint Statement on Australia- U.S. Ministerial Consultations 2024,NA
125,NA,"Keynote Address by Deputy Secretary of Defense Kathleen H. Hicks: ""Structuring",NA
126,NA,KEYNOTE ADDRESS BY DEPUTY SECRETARY OF DEFENSE KATHLEEN H. HICKS:,NA
127,NA,APEC Businesses Call for Greater Action Amid Insufficient Economic Growth and,NA
128,NA,Oracle Strengthens Saudi Arabia 's AI Economy with Opening of Second Public Cloud,NA
129,NA,"CMU , PITT RESEARCHERS COMPETE IN 3-YEAR, $7M DARPA TRIAGE CHALLENGE",NA
130,NA,Russian disinformation slams Paris and amplifies Khelif debate to undermine the,NA
131,NA,Russian disinformation slams Paris and amplifies Khelif debate to undermine the,NA
132,NA,Russian disinformation slams Paris and amplifies Khelif debate to undermine the,NA
133,NA,Redis Cloud Is Now Available in Saudi Arabia on Google Cloud The world's fastest,NA
134,NA,JOINT STATEMENT ON AUSTRALIA- U.S. MINISTERIAL CONSULTATIONS (AUSMIN),NA
135,NA,Joint Statement on Australia- U.S. Ministerial Consultations (AUSMIN) 2024,NA
136,NA,JOINT STATEMENT ON AUSTRALIA- U.S. MINISTERIAL CONSULTATIONS (AUSMIN),NA
137,NA,Joint Statement on Australia- U.S. Ministerial Consultations (AUSMIN) 2024,NA
138,NA,JOINT STATEMENT ON AUSTRALIA- U.S. MINISTERIAL CONSULTATIONS (AUSMIN),NA
139,NA,NCR Voyix Reports Second Quarter Results and Announces Strategic Actions,NA
140,NA,Nuvei Announces Second Quarter 2024 Results,NA
141,NA,APEC BUSINESSES CALL FOR GREATER ACTION AMID INSUFFICIENT ECONOMIC,NA
142,NA,TeraWulf Announces July 2024 Production and Operations Update,NA
143,NA,"'We're going to survive and it's going to come back': A year after Maui wildfire,",NA
144,NA,"'We're going to survive and it's going to come back': A year after Maui wildfire,",NA
145,NA,"'We're going to survive and it's going to come back': A year after Maui wildfire,",NA
146,NA,Florida State University : Faculty and Staff Briefs July 2024,NA
147,NA,World Bank : 'Assessing Power System Disruptions and Associated Economic Impacts,NA
148,NA,Where the Public and Private Sectors Converge,NA
149,NA,Intermap Further Increases Offering Size to Meet Strong Demand and Files Second,NA
150,NA,"PURDUE TRUSTEES RATIFY FACULTY POSITIONS, APPROVE RESOLUTIONS OF",NA
151,NA,TELUS reports operational and financial results for second quarter 2024,NA
152,NA,"DISASTER READINESS, QUALITY, BEHAVIORAL HEALTH LEAD FALL EDUCATIONAL",NA
153,NA,Acterys Adds New AI-Driven Business Planning Features in Latest Release,NA
154,NA,Advanced Info Service Selects Oracle Alloy to Build Thailand 's First Locally Owned,NA
155,NA,"HKU, CUHK , HKUST and NUS Receive HK$50 Million From GS Charity Foundation in",NA
156,NA,"Environment, Development & Sustainability Issues Research Articles in August 2024",NA
157,NA,AFCEC COMMANDER VISITS TYNDALL SIX YEARS AFTER LEADING HURRICANE,NA
158,NA,ICF Reports Second Quarter 2024 Results,NA
159,NA,FACULTY AND STAFF BRIEFS JULY 2024,NA
160,NA,Xcel Energy Second Quarter 2024 Earnings Report,NA
161,NA,USPTO ISSUES TRADEMARK: VIALYTICS,NA
162,NA,35th International Symposium on Human Identification (ISHI) Highlights Intersection,NA
163,NA,CHINA'S COMMERCE MINISTER LAYS OUT PRIORITIES FOR BROADENING OPENING UP,NA
164,NA,How Citizen Science is Helping Humanitarian Aid Workers in Sudan,NA
165,NA,Ironwall CEO Calls for Diligent Protection of Employees’ Personal Data in Wake of,NA
166,NA,State Dept. Fact Sheet: U.S.-Singapore Relations,NA
167,NA,Veeam Brings Data Resilience to Over 21 Million Microsoft 365 Users with New,NA
168,NA,FOREIGN MINISTRY SPOKESPERSON LIN JIAN'S REGULAR PRESS CONFERENCE ON,NA
169,NA,AIG Reports Exceptional Second Quarter 2024 Results Second Quarter 2024 Results,NA
170,NA,Congressional Research Service : 'Legislative Branch - FY2025 Appropriations' (Part,NA
171,NA,MGIC Investment Corporation Reports Second Quarter 2024 Results,NA
172,NA,UNSW Researchers to Develop Immersive Fireground Training With Fire and Rescue,NA
173,NA,The quest for clean water: National Water Quality Month buoys Virginia Tech,NA
174,NA,THE QUEST FOR CLEAN WATER: NATIONAL WATER QUALITY MONTH BUOYS VIRGINIA,NA
175,NA,THE QUEST FOR CLEAN WATER: NATIONAL WATER QUALITY MONTH BUOYS VIRGINIA,NA
176,NA,MSU Takes on Leadership Role in $67M NSF Research Security Effort,NA
177,NA,"Joint Statement From Quad Foreign Ministers' Meeting in Tokyo, Japan",NA
178,NA,U.S.-SINGAPORE RELATIONS,NA
179,NA,Nasuni Earns Fourth Consecutive NorthFace ScoreBoard Service Award and Eight G2,NA
180,NA,U.S.-SINGAPORE RELATIONS,NA
181,NA,"Secretary of State Blinken, Australian Foreign Minister Wong, Indian External Affairs",NA
182,NA,Researchers face funding gap in effort to study long-term health of Maui fire,NA
183,NA,Raad Labs Announces $2.25M Funding Round led by CoinFund and Appoints T.J.,NA
184,NA,"JUL. 30TH, 2024 JULY DIGITAL MATTERS",NA
185,NA,PR NO. 239 SECRETARY GENERAL COMMONWEALTH OF NATIONS VISITED NEOC AT,NA
186,NA,JOINT STATEMENT FROM THE QUAD FOREIGN MINISTERS' MEETING IN TOKYO,NA
187,NA,"Joint Statement of the Security Consultative Committee (""2+2"")",NA
188,NA,"U.S , Japan Issue Joint Statement on U.S.-Japan Security Consultative Committee",NA
189,NA,"SECRETARY ANTONY J. BLINKEN AND AUSTRALIAN FOREIGN MINISTER PENNY WONG,",NA
190,NA,"AFTER RECORD SETTING 20+ TORNADOES IN UPSTATE NY , SCHUMER LAUNCHES",NA
191,NA,"AFTER RECORD SETTING 20+ TORNADOES IN UPSTATE NY , SCHUMER LAUNCHES",NA
192,NA,"AFTER RECORD SETTING 20+ TORNADOES IN UPSTATE NY , SCHUMER LAUNCHES",NA
193,NA,"AFTER RECORD SETTING 20+ TORNADOES IN UPSTATE NY , SCHUMER LAUNCHES",NA
194,NA,"House Appropriations Committee Issues Report on Departments of Transportation,",NA
195,NA,CHANCELLOR STATEMENT ON PUBLIC SPENDING INHERITANCE,NA
196,NA,"Joint Statement of the Security Consultative Committee (""2+2"")",NA
197,NA,"JOINT STATEMENT OF THE SECURITY CONSULTATIVE COMMITTEE (""2+2"")",NA
198,NA,"JOINT STATEMENT OF THE SECURITY CONSULTATIVE COMMITTEE (""2+2"")",NA
199,NA,"JOINT STATEMENT OF THE SECURITY CONSULTATIVE COMMITTEE (""2+2"")",NA
200,NA,State Dept. Fact Sheet: The U.S. -ASEAN Relationship,NA
201,NA,"Census Bureau Issues Tip Sheet No. 15 - July 26, 2024",NA
202,NA,ASEAN-UK Joint Ministerial Statement: Enhancing Connectivity for a Prosperous and,NA
203,NA,Brazilian students explore AI and infrastructure resiliency at Rice amid Hurricane,NA
204,NA,"Senate Appropriations Committee Chairwoman Murray: Commerce, Justice, Science",NA
205,NA,"DECENTRALIZED EXPERTISE: AI, DEFI, AND THE RECOVERY OF AMERICAN TRUST",NA
206,NA,THE UNITED STATES -ASEAN RELATIONSHIP,NA
207,NA,THE UNITED STATES -ASEAN RELATIONSHIP,NA
208,NA,"New to The Street TV Announces its Four Business Guest Interviews, Episode 581,",NA
209,NA,Outstanding NSW Technology Innovation Showcased at 31st Annual AIIA IAwards,NA
210,NA,"BILL SUMMARY: COMMERCE, JUSTICE, SCIENCE, AND RELATED AGENCIES FISCAL",NA
211,NA,"BILL SUMMARY: Commerce, Justice, Science, and Related Agencies Fiscal Year 2025",NA
212,NA,SHAHEEN HIGHLIGHTS KEY INVESTMENTS SECURED IN FISCAL YEAR 2025,NA
213,NA,"Shaheen Highlights Key Investments Secured in Fiscal Year 2025 Commerce, Justice,",NA
214,NA,"Shaheen Highlights Key Investments Secured in Fiscal Year 2025 Commerce, Justice,",NA
215,NA,ICMI and HDI Assist Organizations When Weaknesses and Gaps in Service,NA
216,NA,"House Appropriations Committee Issues Report on Departments of Labor, HHS &",NA
217,NA,"House Appropriations Committee Issues Report on Departments of Labor, HHS &",NA
218,NA,RPM Reports Record Fiscal 2024 Fourth-Quarter and Full-Year Results,NA
219,NA,"House Appropriations Committee Issues Report on Departments of Labor, HHS &",NA
220,NA,The Hartford Announces Outstanding Second Quarter 2024 Financial Performance,NA
221,NA,Information Systems Research Issues Research Articles in June 2024 Edition,NA
222,NA,"eMazzanti Technologies Ceremony Celebrates Deep Bonds with Community, Clients",NA
223,NA,"FalconStor Enhances IBM Storage Ceph with Greater Application Connectivity,",NA
224,NA,"KU Experts Can Comment on 2024 Elections, Related Topics",NA
225,NA,Watch Duty Incorporates University of California 's ALERTCalifornia Camera Network,NA
226,NA,CISOs and CIOs confront growing data protection challenges in the era of AI and,NA
227,NA,"Progress Introduces MarkLogic FastTrack, Helping Organizations Harness the Power",NA
228,NA,ZINFI Technologies ' Unified Partner Management Solution Now Featured in Microsoft,NA
229,NA,Deputy Secretary of Defense Dr. Kathleen Hicks and Deputy Assistant Secretary of,NA
230,NA,FEMA Awards ICF New $17 Million Cloud and Analytics Delivery Contract,NA
231,NA,PNAS Nexus Issues Research Articles in June 2024 Edition,NA
232,NA,Planet Signs Seven-Figure Expansion with US -allied Government Agency for SkySat,NA
233,NA,InfStones Launches Node -as-a-Service (NaaS) Product to Jumpstart DePIN,NA
234,NA,THE CASE FOR CLIMATE-RESILIENT INFRASTRUCTURE,NA
235,NA,RESOLUTION OF THE CENTRAL COMMITTEE OF THE COMMUNIST PARTY OF CHINA,NA
236,NA,SHUSHA HOSTED SECOND GLOBAL MEDIA FORUM,NA
237,NA,AI FOR ALL PHASES OF DISASTER MANAGEMENT,NA
238,NA,PR NO. 174 GOVERNMENT OF PAKISTAN HAS ESTABLISHED A MULTI-SECTOR,NA
239,NA,SPEECH BY PRIME MINISTER KISHIDA AT THE KEIDANREN SUMMER FORUM 2024,NA
240,NA,Intermap Increases Private Placement Financing to Meet Strong Demand Proceeds to,NA
241,NA,ADDRESS BY VICE FOREIGN MINISTER CHEN XIAODONG AT THE LAUNCHING,NA
242,NA,Senate Judiciary Committee Issues Testimony From Supreme Court of Texas Chief,NA
243,NA,AI For All Phases of Disaster Management,NA
244,NA,"OFF Line Japan Co., Ltd. Launches Disaster Response Service ""Blette""",NA
245,NA,Unmanned Aerial Vehicle (UAV) Market Size Anticipated to Reach USD 79.38 billion,NA
246,NA,Intermap Closes First Tranche of LIFE Offering Proceeds to Fund Working Capital,NA
247,NA,"U.K. Firms Turn to Hybrid Clouds for Security, Compliance Companies in the U.K. are",NA
248,NA,"ARM & HAMMER™ Cat Litter and the ASPCA® Create AI-Generated ""Purrsonality",NA
249,NA,Madhu Beriwal Appointed to Bipartisan Policy Center Board of Directors,NA
250,NA,USPTO ISSUES TRADEMARK:,NA
251,NA,Red Hat Simplifies Workload Diversity Across the Hybrid Cloud With Latest Version of,NA
252,NA,USPTO ISSUES TRADEMARK: PLADIA,NA
253,NA,Ecrio and GXC Win Award in NSIN Catastrophic Communications Challenge,NA
254,NA,"U.S. Public Sector Seeks Partners for Complex Hybrid Clouds Managed services,",NA
255,NA,New Nasuni Research Reveals Crucial Need for Hybrid Cloud Storage Strategies,NA
256,NA,NGA Director Frank Issues Remarks at Esri International User Conference Senior,NA
257,NA,CloudCasa by Catalogic Announces Partnership with IONOS Cloud for Kubernetes,NA
258,NA,Red Hat Simplifies Workload Diversity Across the Hybrid Cloud with Latest Version of,NA
259,NA,PAC Storage Unveils Advanced NVMe System for AI and New High-Capacity 30TB,NA
260,NA,28 Participants Complete Center for Homeland Defense & Security Emergence,NA
261,NA,DOD'S NEED FOR A TRANSPORTABLE ENERGY SOLUTION: THE PROMISE OF,NA
262,NA,DAF GEOBASE PROGRAM ARMS COMMANDERS FOR GREAT POWER COMPETITION,NA
263,NA,GEOBASE PROGRAM ARMS COMMANDERS FOR GREAT POWER COMPETITION,NA
264,NA,"HURRICANE EXPERTS AVAILABLE TO DISCUSS STORMS, EMERGENCY PREPARATION,",NA
265,NA,"Hurricane experts available to discuss storms, emergency preparation, disaster",NA
266,NA,"HURRICANE EXPERTS AVAILABLE TO DISCUSS STORMS, EMERGENCY PREPARATION,",NA
267,NA,"Iron Ore Market Valued at $349.85 Billion in 2023, Projected to Reach $498.64",NA
268,NA,"Unified Orchestration in AI era delivers faster, secure IT operations and S/4HANA",NA
269,NA,HYCU® Named a Finalist in CRN’s 2024 Tech Innovator Awards HYCU R-Cloud,NA
270,NA,UNM FACULTY MEMBERS SELECTED FOR THE 2024 WOMEN IN STEM AWARDS,NA
271,NA,"Colo. Gov. Polis Elected Chair of NGA , Launches 'Educating All Americans for",NA
272,NA,PR NO. 137 GLOBAL SOUTH COULD BE TRANSFORMED INTO HUB OF PROSPERITY BY,NA
273,NA,"Census Bureau Issues Tip Sheet No. 14 - July 12, 2024",NA
274,NA,University of Exeter : AI Can Support Humanitarian Organizations in Situations of,NA
275,NA,COLORADO GOVERNOR JARED POLIS ELECTED CHAIR OF NATIONAL GOVERNORS,NA
276,NA,Brutal Heatwave Sparks Wildfires Across California,NA
277,NA,"New to The Street Announces Episode 580, Six Corporate Interviews, Airing as a",NA
278,NA,DOT SUCCESSFULLY CONCLUDES NETWORKING EVENTS UNDER SANGAM-DIGITAL,NA
279,NA,USPTO ISSUES TRADEMARK: SYMWORLD,NA
280,NA,White House Fact Sheet: U.S. Welcomes Growing Contributions to Global Security,NA
281,NA,"LevelBlue Report Finds Healthcare Leaders View Cybersecurity as an Afterthought,",NA
282,NA,CONSTRUCTION BEGUN ON LEADERSHIP-CLASS COMPUTING FACILITY,NA
283,NA,AI MODEL HARNESSES PHYSICS TO AUTOCORRECT REMOTE SENSING DATA,NA
284,NA,JUNE MONTHLY ROUNDUP,NA
285,NA,NetApp Expands Intelligent Data Infrastructure Capabilities to Power Strategic Cloud,NA
286,NA,Can AI Help Fight Climate Breakdown? A Conversation With MIT 's Priya Donti,NA
287,NA,BG Titan Group and Veea Inc. Form a Strategic Partnership to Bring Internet,NA
288,NA,Eindhoven University of Technology: Why Smart Robots Should Be as Lazy as,NA
289,NA,Operational Resilience Testing for DORA Compliance,NA
290,NA,FACT SHEET: UNITED STATES WELCOMES GROWING CONTRIBUTIONS TO GLOBAL,NA
291,NA,White House Issues Transcript of News Briefing by Press Secretary Jean-Pierre on,NA
292,NA,UNRIC INFO POINT AND LIBRARY NEWSLETTER: JULY 2024,NA
293,NA,ENGLISH TRANSLATION OF PRESS STATEMENT BY PRIME MINISTER SHRI NARENDRA,NA
294,NA,Fiber Connect 2024 Proof of Concepts to Demonstrate Fiber Broadband 's Ability to,NA
295,NA,NetApp Expands Intelligent Data Infrastructure Capabilities to Power Strategic Cloud,NA
296,NA,"Firms Invest in Management, Resilience for Hybrid Clouds Platform innovations help",NA
297,NA,"MATTER GROWS B2B TECH PORTFOLIO, ELEVATING BRAND AWARENESS + DRIVING",NA
298,NA,Connectria Begins Accepting Clients at Singapore Data Centers,NA
299,NA,RWTH Aachen University and Hitachi Vantara Boost Infrastructure Transformation,NA
300,NA,OPERATION HOPE BECOMES THE FIRST FINANCIAL LITERACY NONPROFIT TO EMBED,NA
301,NA,California Potentially Faces Worst Fire Season Ever: AX’s FireScout AI SaaS,NA
302,NA,Big Tech is stress testing the grid. It doesn't have to be a disaster.,NA
303,NA,"Matter Grows B2B Tech Portfolio, Elevating Brand Awareness and Driving Bottom-",NA
304,NA,ISG to Evaluate Managed Network Services Providers Upcoming ISG Provider,NA
305,NA,Nasuni Announces Majority Investment Led by Vista Equity Partners at $1.2 Billion,NA
306,NA,LG USA RENEWS PARTNERSHIP WITH TENNESSEE TITANS,NA
307,NA,TeraWulf Announces Early Debt Payoff Debt-free balance sheet positions the,NA
308,NA,ASTANA DECLARATIONOF THE COUNCIL OF HEADS OF STATEOF THE SHANGHAI,NA
309,NA,"Senate Judiciary Committee Hearing ""Closing the Justice Gap: How to Make the Civil",NA
310,NA,The Greatest Romantic Movies of the Decade,NA
311,NA,"PRESS BRIEFING BY PRESS SECRETARY KARINE JEAN-PIERRE, JULY 9, 2024",NA
312,NA,Eric Rawlings Joins Candor Technology as CTO,NA
313,NA,DANFORD HIRED AS NDUS VICE CHANCELLOR OF INFORMATION TECHNOLOGY,NA
314,NA,KLDiscovery Enters into Transaction Support Agreement and Exchange Agreement,NA
315,NA,House Rules Committee Issues Report on Rules for Servicemember Quality of Life,NA
316,NA,House Appropriations Committee Issues Report on DHS Appropriations Bill (Part 4 of,NA
317,NA,House Appropriations Committee Issues Report on DHS Appropriations Bill (Part 1 of,NA
318,NA,House Rules Committee Issues Report on Rules for DOD Appropriations Act for FY,NA
319,NA,CHINA REVS UP SMART CITY BUILDING WITH LATEST DIGITAL TECH,NA
320,NA,UAH Researcher Publishes Study Tapping Social Media and AI to Speed Supply Chain,NA
321,NA,York U's State-of-the-Art Emergency and Disaster Simulation Lab With Emergency,NA
322,NA,Switch Up Teaching and Assessment to Help Teachers Combat Chatbot-Cheating,NA
323,NA,Thomas R. Weaver's sci-fi thriller 'Artificial Wisdom' is a smash hit!,NA
324,NA,UAH RESEARCHER PUBLISHES STUDY TAPPING SOCIAL MEDIA AND AI TO SPEED,NA
325,NA,Proceedings of the National Academies of Sciences Issues Research Articles in June,NA
326,NA,New to The Street Celebrates the July 4th Holiday with Five Fantastic Business,NA
327,NA,Intermap Announces Private Placement Financing Proceeds to fund contracts with,NA
328,NA,TeraWulf Announces June 2024 Production and Operations Update,NA
329,NA,AIR CHIEFS FROM ACROSS AMERICAS CONVENE IN DISPLAY OF CONTINUED,NA
330,NA,U.S. Patents Awarded to Inventors in Texas (July 3),NA
331,NA,U.S. Patents Awarded to Inventors in North Carolina (July 3),NA
332,NA,New Hampshire Insurance Department Outlines Key Federal Measures to Enhance,NA
333,NA,'Artificial Wisdom' is a smash hit!,NA
334,NA,'Artificial Wisdom' is a smash hit!,NA
335,NA,"A WARMING PLANET IS GLOBAL, ADAPTATION IS LOCAL & RESILIENCE PEOPLE-",NA
336,NA,Hitachi Construction Machinery Drives Digital Transformation by Moving Large- Scale,NA
337,NA,"5 things to know for July 2: Hurricane Beryl, Presidential immunity, Social media,",NA
338,NA,HAProxy ’s Next-Gen Security and Automation Drives New Category Leadership in,NA
339,NA,PM LAWRENCE WONG AT THE INSTITUTE OF POLICY STUDIES-VARSITY VOICES,NA
340,NA,"PRESS BRIEFING BY PRESS SECRETARY KARINE JEAN-PIERRE, JULY 2, 2024",NA
341,NA,White House Issues Transcript of Bews Briefing by Press Secretary Jean-Pierre on July,NA
342,NA,AI Ethics Council Founded by Open AI and Operation HOPE Holds Inaugural Meeting,NA
343,NA,Hitachi Construction Machinery Drives Digital Transformation by Moving Large-scale,NA
344,NA,WISeKey Subsidiary WISeSat.Space to Bring Blockchain to Space for Improved,NA
345,NA,"Census Bureau Issues Tip Sheet No. 13 - June 28, 2024",NA
346,NA,"SPEECH BY FOREIGN MINISTER BAERBOCK AT THE CONFERENCE ""THE NATIONAL",NA
347,NA,"REP. RASHIDA TLAIB: I LIVE FOR THESE MOMENTS FOR OUR COMMUNITY JUNE 30,",NA
348,NA,SBA Announces New Solicitation to Expand Funding for Regional Innovation Cluster,NA
349,NA,Better Markets Fact Sheet: Three Ways The Financial Industry Targets Minority,NA
350,NA,NEW AI-LED SCIENCE INITIATIVE WILL HELP PROTECT COMMUNITIES HIT BY CLIMATE,NA
351,NA,REED: SUPREME COURT 'S DECISION TO OVERTURN CHEVRON DECISION IS A,NA
352,NA,Reed: Supreme Court 's Decision to Overturn Chevron Decision is a Judicial Power,NA
353,NA,Intermap Technologies Announces Voting Results of the Annual Meeting of,NA
354,NA,Reed: Supreme Court 's Decision to Overturn Chevron Decision is a Judicial Power,NA
355,NA,Algorand celebrates 5th anniversary with 2 billion transactions and record adoption,NA
356,NA,SBA ANNOUNCES NEW SOLICITATION TO EXPAND FUNDING FOR REGIONAL,NA
357,NA,SBA Announces New Solicitation to Expand Funding for Regional Innovation Cluster,NA
358,NA,302ND AW COMPLETES EXPEDITIONARY AIR BASE TRAINING DURING EXERCISE,NA
359,NA,"New to The Street TV Announces Episode 578 with its Six Business Guest Interviews,",NA
360,NA,Senate Armed Services Subcommittee Issues Testimony From Air Force Global Strike,NA
361,NA,EUROPE'S INSURANCE AND PENSION FUND SECTORS STAY RESILIENT AMID TENSE,NA
362,NA,"WORLD: MS. JOYCE MSUYA, ASSISTANT-SECRETARY-GENERAL FOR HUMANITARIAN",NA
363,NA,"Schneider Electric Donates $250,000 to Support Footprint Project in Aiding Climate",NA
364,NA,FEC INACTION ON DEEPFAKES IS DANGEROUS AND INEXCUSABLE,NA
365,NA,MELISSA CHOI NAMED DIRECTOR OF MIT LINCOLN LABORATORY,NA
366,NA,Melissa Choi Named Director of MIT Lincoln Laboratory,NA
367,NA,Samsara Unveils New Solutions at Beyond '24 to Transform Physical Operations with,NA
368,NA,LabTrace Completes the First Study Using its Blockchain-Based Data Authentication,NA
369,NA,CME Group and Google Cloud Announce New Chicago Area Private Cloud Region and,NA
370,NA,ePlus Announces Azure Recover,NA
371,NA,Lamar University: Dockens Addresses AI in Higher Education Through Research and,NA
372,NA,$2.1M for UH-Led Maui Wildfire Response Research,NA
373,NA,ATC Market Size Anticipated to reach at a USD 14.566 Billion by 2032 With CAGR of,NA
374,NA,IFLA Journal Issues Research Articles in June 2024 Edition,NA
375,NA,ei3 champions community service in Jaguar Land Rover 's Defender Service Awards,NA
376,NA,"SCHUMER, AFTER YEARS OF ADVOCACY, ANNOUNCES GROUNDBREAKING FOR NEW",NA
377,NA,"Senate Health, Education, Labor & Pensions Subcommittee Issues Testimony From",NA
378,NA,The Latest | Iran -allied militants claim an attack targeting the Israeli port city of,NA
379,NA,The Latest | Iran -allied militants claim an attack targeting the Israeli port city of,NA
380,NA,The Latest | Iran -allied militants claim an attack targeting the Israeli port city of,NA
381,NA,The Latest | Iran -allied militants claim an attack targeting the Israeli port city of,NA
382,NA,"COMMITTEE APPROVES THREE ACTION ITEMS ADDRESSING A.I., INTERNALLY",NA
383,NA,"Psychological Trauma-Theory, Research, Practice, & Policy Issues Research Articles",NA
384,NA,"PR NO. 196 GATES FOUNDATION, PM'S CLIMATE AIDE VOW TO JOINTLY WORK FOR",NA
385,NA,Managed Services Market Projected to Hit USD 518.8 Billion at a 7.20% CAGR by,NA
386,NA,$2.1M for UH-Led Maui Wildfire Response Research,NA
387,NA,$2.1M FOR UH-LED MAUI WILDFIRE RESPONSE RESEARCH,NA
388,NA,WISeKey subsidiary WISeSat.Space Announces Developments in Secure IoT,NA
389,NA,Virtual Production Market Set for Significant Expansion Driven by Technological,NA
390,NA,Nasuni Strengthens European Footprint with French Market Expansion,NA
391,NA,"Nutanix Study Projects Hybrid Multicloud Adoption for Financial Services Will Triple,",NA
392,NA,SandboxAQ Announces AQNav - World's First Commercial Real-Time Navigation,NA
393,NA,MOHUA CELEBRATES TRANSFORMATIVE MILESTONES IN URBAN DEVELOPMENT ON,NA
394,NA,Virtual Production Market Expected to Reach $8.87 Billion by 2031 as Significant,NA
395,NA,A NIST FOUNDATION TO SUPPORT THE AGENCY'S AI MANDATE,NA
396,NA,DOCKENS ADDRESSES AI IN HIGHER EDUCATION THROUGH RESEARCH AND,NA
397,NA,Rep. Kaptur Introduces Resolution to Support Designation of National Senior Fraud,NA
398,NA,Sen. Collins Resolution to Designate National Senior Fraud Awareness Day Approved,NA
399,NA,Projected Growth: 5G NTN Market to Hit USD 67.177 Billion by 2032 | Qualcomm,NA
400,NA,ROAR SOCIAL ANNOUNCES PROMOTION OF MIKE DODGE TO PRESIDENT AND CHIEF,NA
401,NA,Top MSP: Magna5 Ranked in 2024 Channel Futures MSP 501,NA
402,NA,Jabil Posts Third Quarter Results,NA
403,NA,"Clarifai Assessed ""Awardable"" for Department of Defense Work in the CDAO's",NA
404,NA,US Signal Finalizes Upgrades to Indianapolis North Data Center,NA
405,NA,Oracle to Invest More Than $1 Billion in AI and Cloud Computing in Spain,NA
406,NA,DOT HELD 1ST NETWORKING EVENT OF SANGAM-DIGITAL TWIN INITIATIVE AT IIT,NA
407,NA,Jabil Posts Third Quarter Results,NA
408,NA,AI Copilots Set to Engage the Future of Air Combat,NA
409,NA,Urbint Acquires WRM Software to Expand Utility Risk Offering into Storm Response,NA
410,NA,Pure Storage Platform Arms Enterprises in Fight Against Ransomware with,NA
411,NA,DEAC & DLC data centers strengthen position in Northern Europe with new brand,NA
412,NA,CHINESE VICE PREMIER STRESSES HIGH-QUALITY DEVELOPMENT IN,NA
413,NA,AI-based Small Molecule Therapeutics Pioneer Athos Therapeutics Selects Vultr for,NA
414,NA,CAPE Analytics and Vexcel Enter Strategic Imagery Partnership to Enhance CAPE's,NA
415,NA,SewerAI Raises $15 Million Series B to Modernize Sewer Inspection using AI,NA
416,NA,KLDiscovery Earns Multiple Rankings in Chambers and Partners' 2024 NewLaw Guide,NA
417,NA,"Census Bureau Issues Tip Sheet No. 12 - June 14, 2024",NA
418,NA,NANO Nuclear Energy Senior Director and Head of Reactor Design Prof. Massimiliano,NA
419,NA,Senate Judiciary Subcommittee Issues Testimony From Open Markets Institute,NA
420,NA,Reltio 's Newest Innovations Empower Data Leaders with Premier Data Unification,NA
421,NA,Putting Cyber Powers on the Table,NA
422,NA,BUDD SECURES PROVISION FULLY PROTECTING F-15ES AT SEYMOUR JOHNSON AFB,NA
423,NA,Budd Secures Provision Fully Protecting F-15Es at Seymour Johnson AFB in Senate,NA
424,NA,BUDD SECURES PROVISION FULLY PROTECTING F-15ES AT SEYMOUR JOHNSON AFB,NA
425,NA,The 24 Best Apocalypse Movies of All Time,NA
426,NA,Six Levels of Website Security,NA
427,NA,Rep. Murphy Applauds Passage of FY25 National Defense Authorization Act,NA
428,NA,OHIO STATE PRESIDENT DISCUSSES AI IN HIGHER ED AT STATEHOUSE SUMMIT,NA
429,NA,Stefanik Votes to Pass the National Defense Bill,NA
430,NA,STEFANIK VOTES TO PASS THE NATIONAL DEFENSE BILL,NA
431,NA,Stefanik Votes to Pass the National Defense Bill Rep. Elise Stefanik (R- NY ) News,NA
432,NA,IEEE/CAA Journal of Automatica Sinica Study Presents Novel Protocol Structure for,NA
433,NA,"New to The Street Announces Episode 577, Six Corporate Interviews, Airing as a",NA
434,NA,G7 APULIA LEADERS' COMMUNIQUE,NA
435,NA,Murphy Applauds Passage of FY25 National Defense Authorization Act Rep.,NA
436,NA,MURPHY APPLAUDS PASSAGE OF FY25 NATIONAL DEFENSE AUTHORIZATION ACT,NA
437,NA,"'We Must Join Forces' to Ensure Artificial Intelligence Advances Greater Good, Not",NA
438,NA,Rep. Boebert Votes to Support Our Troops Rep. Lauren Opal Boebert (R- CO ) News,NA
439,NA,PR NO. 108 NDMA HELD SEMINAR ON 'DISASTER RESILIENT PAKISTAN ' REFLECTING,NA
440,NA,"ADVANCING DIGITAL TRANSFORMATION IN SALVADOR, BRAZIL 'S PUBLIC HEALTH",NA
441,NA,Opinion: When world leaders gather for this 'family photo' the results can be...,NA
442,NA,4 Ways to Improve Business Operations with a DMS and Drive Data Value,NA
443,NA,Event 38 Unmanned Systems Teams Up with AviSight in Selecting Elsight's BVLOS,NA
444,NA,Backblaze Partners with Coalition to Elevate Cyber Risk Protection and Compliance,NA
445,NA,Korn Ferry Announces Fourth Quarter and Full Year FY'24 Results of Operations,NA
446,NA,TWO DAY ANNUAL CONFERENCE OF RELIEF COMMISSIONERS/SECRETARIES,NA
447,NA,Old Dominion University Experts Participate in International MODSIM World,NA
448,NA,NetApp Reports Fourth Quarter and Fiscal Year 2024 Results,NA
449,NA,Cirata Adds Support for IBM ® General Parallel File System (GPFS™),NA
450,NA,"Senate Health, Education, Labor and Pensions Subcommittee on Employment and",NA
451,NA,INTERNATIONAL PATENT: &#304;STANBUL GEL&#304;&#350;&#304;M UN,NA
452,NA,FIVE QUESTIONS: FAMU-FSU COLLEGE OF ENGINEERING PROFESSOR EXPLAINS HOW,NA
453,NA,Ventures Selected to Delve Into Defense Innovation,NA
454,NA,E&C REPUBLICANS LEAD CRA TO REVERSE PRESIDENT BIDEN'S ATTACK ON,NA
455,NA,E&C REPUBLICANS LEAD CRA TO REVERSE PRESIDENT BIDEN'S ATTACK ON,NA
456,NA,White House Fact Sheet: Biden-Harris Administration Announces New Actions to,NA
457,NA,Rubrik Reports First Quarter Fiscal Year 2025 Financial Results,NA
458,NA,Major Drilling Announces Fourth Quarter and Fiscal Year 2024 Results,NA
459,NA,EARLY WARNINGS AND GREENHOUSE GAS MONITORING TOP WMO EXECUTIVE,NA
460,NA,White House: French - American Roadmap,NA
461,NA,FACT SHEET: BIDEN-HARRIS ADMINISTRATION ANNOUNCES NEW ACTIONS TO,NA
462,NA,Senate Appropriations Subcommittee Issues Testimony From NSF Director,NA
463,NA,Joint Economic Committee Issues Testimony From R Street Institute Senior Fellow,NA
464,NA,"House Science, Space & Technology Committee Issues Testimony From NIST",NA
465,NA,University of Missouri Journalism School: Free Speech in the Age of AI,NA
466,NA,FRENCH - AMERICAN ROADMAP,NA
467,NA,"5 things to know for June 7: Presidential race, Hunter Biden, Extreme heat, Ukraine ,",NA
468,NA,House Energy & Commerce Subcommittee Issues Testimony From NTIA,NA
469,NA,Ohio 's Electric Cooperatives: Ohio Congressman Balderson Leads Effort to Stop,NA
470,NA,House Energy & Commerce Committee Subcommittee Issues Testimony From C.A.,NA
471,NA,Alight Releases 2024 Global Impact Report Highlighting ESG Performance and,NA
472,NA,Bahamas : Disaster Risk Management Authority Streamlines Response Agencies for,NA
473,NA,"SRI DEMONSTRATES THE IMPACT OF ""SMALL AI"" FOR EXPERTS",NA
474,NA,"ISG to Assess Providers of Public Cloud Services, Solutions Upcoming ISG Provider",NA
475,NA,OceanShot Coral Reef Restoration Project Announces Expansion and Innovation,NA
476,NA,"New to The Street Announces Episode 576, Four Business Guest Interviews, Airs on",NA
477,NA,"Balderson, Capito Introduce Bicameral Resolutions to Block Biden's Plan to Shutter",NA
478,NA,Planet Reports Financial Results for First Quarter of Fiscal Year 2025 Delivers Record,NA
479,NA,TUM and Creditreform on the Hunt for Greenwashing,NA
480,NA,"C-DOT WINS UN 'S WSIS 2024 PRIZE ""CHAMPION"" AWARD FOR ""MOBILE ENABLED",NA
481,NA,Hammerspace Partners with SourceCode and GigaIO to Bring AI Data Processing to,NA
482,NA,"Beko Takes 'Sustainability at Heart' and introduces 16th Sustainability Report, with",NA
483,NA,Strategic Reasons a Law Firm Would Use an Outside Technology Support Provider,NA
484,NA,FBI CYBER ASSISTANT DIRECTOR BRYAN VORNDRAN'S REMARKS AT THE 2024,NA
485,NA,Narwal Launches the S10 Pro Wet & Dry Vacuum Mop to Conquer Heavy Messes,NA
486,NA,"Balderson, Capito Introduce Bicameral Resolutions to Block Biden's Plan to Shutter",NA
487,NA,"BALDERSON, CAPITO INTRODUCE BICAMERAL RESOLUTIONS TO BLOCK BIDEN'S",NA
488,NA,Senate Finance Committee Issues Testimony From University of Michigan Professor,NA
489,NA,"Senate Joint Economic Committee Committee Hearing ""Artificial Intelligence and Its",NA
490,NA,Association of the U.S. Army: National Guard Readies for Busy Disaster Response,NA
491,NA,NATIONAL GUARD READIES FOR BUSY DISASTER RESPONSE SEASON,NA
492,NA,University of Melbourne : New Landslide Forecasting System Helping Researchers,NA
493,NA,Hewlett Packard Enterprise Reports Fiscal 2024 Second Quarter Results AI systems,NA
494,NA,Intermap Announces Subscription Renewal with Leading U.S. Telecom Provider,NA
495,NA,OPENAI V. SCARLETT JOHANSSON? GEORGETOWN LAW PROFESSOR ANSWERS,NA
496,NA,"Nasuni Launches New Brand Identity, Marking Next Era for Hybrid Cloud Storage",NA
497,NA,TeraWulf Announces May 2024 Production and Operations Update,NA
498,NA,UniDoc to Supply AI-Assisted eHealth Cubes to Aid Group,NA
499,NA,Extremist Content Online: TikTok Post Glorifying Christchurch Attacker Receives,NA
